<?xml version="1.0" encoding="UTF-8"?>
<project-private xmlns="http://www.netbeans.org/ns/project-private/1">
    <editor-bookmarks xmlns="http://www.netbeans.org/ns/editor-bookmarks/2" lastBookmarkId="0"/>
    <open-files xmlns="http://www.netbeans.org/ns/projectui-open-files/2">
        <group name="FOZ"/>
        <group>
            <file>file:/C:/Users/robert.cloutman.FOZMULA/Documents/Engineering/Products/PA397_Walter_C_Drive_CA0816_TLL130/Software/Loi%20new%20SW/TLL13xNewSW_26Mar21/FOZ_pic16f18345_Demo-main/pic16f18345_BC.X/sys.c</file>
            <file>file:/C:/Users/robert.cloutman.FOZMULA/Documents/Engineering/Products/PA397_Walter_C_Drive_CA0816_TLL130/Software/Loi%20new%20SW/TLL13xNewSW_26Mar21/FOZ_pic16f18345_Demo-main/pic16f18345_BC.X/main.c</file>
            <file>file:/C:/Users/robert.cloutman.FOZMULA/Documents/Engineering/Products/PA397_Walter_C_Drive_CA0816_TLL130/Software/Loi%20new%20SW/TLL13xNewSW_26Mar21/FOZ_pic16f18345_Demo-main/pic16f18345_BC.X/task.c</file>
            <file>file:/C:/Users/robert.cloutman.FOZMULA/Documents/Engineering/Products/PA397_Walter_C_Drive_CA0816_TLL130/Software/Loi%20new%20SW/TLL13xNewSW_26Mar21/FOZ_pic16f18345_Demo-main/pic16f18345_BC.X/mcc_generated_files/device_config.c</file>
            <file>file:/C:/Users/robert.cloutman.FOZMULA/Documents/Engineering/Products/PA397_Walter_C_Drive_CA0816_TLL130/Software/Loi%20new%20SW/TLL13xNewSW_26Mar21/FOZ_pic16f18345_Demo-main/pic16f18345_BC.X/mcc_generated_files/mcc.c</file>
            <file>file:/C:/Users/robert.cloutman.FOZMULA/Documents/Engineering/Products/PA397_Walter_C_Drive_CA0816_TLL130/Software/Loi%20new%20SW/TLL13xNewSW_26Mar21/FOZ_pic16f18345_Demo-main/pic16f18345_BC.X/mcc_generated_files/pin_manager.c</file>
            <file>file:/C:/Users/robert.cloutman.FOZMULA/Documents/Engineering/Products/PA397_Walter_C_Drive_CA0816_TLL130/Software/Loi%20new%20SW/TLL13xNewSW_26Mar21/FOZ_pic16f18345_Demo-main/pic16f18345_BC.X/mcc_generated_files/pwm3.c</file>
        </group>
    </open-files>
</project-private>
